,1,3,6,12,24,36,60,84,120,240,360
01/03/17,0.52,0.53,0.65,0.89,1.22,1.5,1.94,2.26,2.45,2.78,3.04
01/04/17,0.49,0.53,0.63,0.87,1.24,1.5,1.94,2.26,2.46,2.78,3.05
01/05/17,0.51,0.52,0.62,0.83,1.17,1.43,1.86,2.18,2.37,2.69,2.96
01/06/17,0.5,0.53,0.61,0.85,1.22,1.5,1.92,2.23,2.42,2.73,3
01/09/17,0.5,0.5,0.6,0.82,1.21,1.47,1.89,2.18,2.38,2.69,2.97
01/10/17,0.51,0.52,0.6,0.82,1.19,1.47,1.89,2.18,2.38,2.69,2.97
01/11/17,0.51,0.52,0.6,0.82,1.2,1.47,1.89,2.18,2.38,2.68,2.96
01/12/17,0.52,0.52,0.59,0.81,1.18,1.45,1.87,2.17,2.36,2.68,3.01
01/13/17,0.52,0.53,0.61,0.82,1.21,1.48,1.9,2.2,2.4,2.71,2.99
01/17/17,0.52,0.55,0.62,0.8,1.17,1.42,1.84,2.14,2.33,2.66,2.93
01/18/17,0.48,0.53,0.63,0.82,1.23,1.51,1.93,2.24,2.42,2.74,3
01/19/17,0.47,0.52,0.62,0.83,1.25,1.53,1.97,2.28,2.47,2.77,3.04
01/20/17,0.46,0.5,0.62,0.82,1.2,1.5,1.95,2.28,2.48,2.79,3.05
01/23/17,0.46,0.51,0.59,0.79,1.16,1.43,1.88,2.19,2.41,2.72,2.99
01/24/17,0.5,0.51,0.62,0.81,1.21,1.49,1.94,2.27,2.47,2.78,3.05
01/25/17,0.48,0.5,0.61,0.82,1.23,1.52,1.99,2.33,2.53,2.84,3.1
01/26/17,0.49,0.51,0.62,0.82,1.21,1.49,1.95,2.3,2.51,2.82,3.08
01/27/17,0.49,0.52,0.63,0.82,1.22,1.48,1.94,2.28,2.49,2.8,3.06
01/30/17,0.49,0.51,0.63,0.81,1.22,1.48,1.94,2.28,2.49,2.82,3.08
01/31/17,0.5,0.52,0.64,0.84,1.19,1.46,1.9,2.24,2.45,2.78,3.05
02/01/17,0.5,0.51,0.65,0.83,1.22,1.49,1.93,2.27,2.48,2.8,3.08
02/02/17,0.5,0.52,0.64,0.84,1.21,1.48,1.92,2.27,2.48,2.8,3.09
02/03/17,0.49,0.51,0.63,0.82,1.21,1.49,1.93,2.27,2.49,2.82,3.11
02/06/17,0.48,0.53,0.62,0.79,1.16,1.43,1.86,2.19,2.42,2.76,3.05
02/07/17,0.51,0.53,0.63,0.8,1.16,1.43,1.85,2.17,2.4,2.74,3.02
02/08/17,0.52,0.54,0.63,0.79,1.15,1.4,1.81,2.14,2.34,2.68,2.96
02/09/17,0.51,0.54,0.64,0.8,1.2,1.46,1.88,2.2,2.4,2.74,3.02
02/10/17,0.51,0.55,0.64,0.81,1.2,1.47,1.89,2.22,2.41,2.75,3.01
02/13/17,0.5,0.52,0.63,0.82,1.2,1.48,1.92,2.24,2.43,2.77,3.03
02/14/17,0.51,0.54,0.66,0.84,1.25,1.53,1.98,2.29,2.47,2.81,3.07
02/15/17,0.53,0.54,0.67,0.86,1.27,1.57,2.01,2.33,2.51,2.84,3.09
02/16/17,0.51,0.53,0.66,0.82,1.22,1.5,1.95,2.26,2.45,2.8,3.05
02/17/17,0.5,0.53,0.66,0.82,1.21,1.48,1.92,2.23,2.42,2.78,3.03
02/21/17,0.49,0.53,0.69,0.83,1.22,1.5,1.93,2.24,2.43,2.78,3.04
02/22/17,0.47,0.52,0.68,0.82,1.22,1.49,1.92,2.23,2.42,2.78,3.04
02/23/17,0.39,0.51,0.66,0.81,1.18,1.44,1.87,2.2,2.38,2.75,3.02
02/24/17,0.4,0.52,0.65,0.8,1.12,1.38,1.8,2.12,2.31,2.69,2.95
02/27/17,0.44,0.5,0.68,0.81,1.2,1.46,1.87,2.18,2.36,2.72,2.98
02/28/17,0.4,0.53,0.69,0.88,1.22,1.49,1.89,2.19,2.36,2.7,2.97
03/01/17,0.46,0.63,0.79,0.92,1.29,1.57,1.99,2.29,2.46,2.81,3.06
03/02/17,0.52,0.67,0.84,0.98,1.32,1.6,2.03,2.32,2.49,2.84,3.09
03/03/17,0.56,0.71,0.84,0.98,1.32,1.59,2.02,2.32,2.49,2.83,3.08
03/06/17,0.56,0.74,0.83,0.97,1.31,1.6,2.02,2.32,2.49,2.84,3.1
03/07/17,0.55,0.76,0.87,1.02,1.32,1.62,2.05,2.34,2.52,2.85,3.11
03/08/17,0.54,0.73,0.86,1.03,1.36,1.65,2.08,2.38,2.57,2.89,3.15
03/09/17,0.5,0.73,0.88,1.04,1.37,1.67,2.13,2.43,2.6,2.94,3.19
03/10/17,0.6,0.75,0.89,1.03,1.36,1.66,2.11,2.4,2.58,2.94,3.16
03/13/17,0.69,0.79,0.93,1.06,1.4,1.69,2.14,2.43,2.62,2.97,3.2
03/14/17,0.77,0.78,0.93,1.06,1.4,1.68,2.13,2.42,2.6,2.94,3.17
03/15/17,0.71,0.73,0.89,1.02,1.33,1.59,2.02,2.31,2.51,2.87,3.11
03/16/17,0.68,0.73,0.89,1.01,1.35,1.63,2.05,2.34,2.53,2.89,3.14
03/17/17,0.71,0.73,0.87,1,1.33,1.6,2.03,2.31,2.5,2.86,3.11
03/20/17,0.7,0.76,0.89,1.01,1.3,1.57,2,2.28,2.47,2.83,3.08
03/21/17,0.76,0.77,0.91,1,1.27,1.54,1.96,2.24,2.43,2.79,3.04
03/22/17,0.74,0.77,0.9,0.99,1.27,1.52,1.95,2.22,2.4,2.76,3.02
03/23/17,0.73,0.76,0.9,0.99,1.26,1.52,1.95,2.23,2.41,2.76,3.02
03/24/17,0.73,0.78,0.89,1,1.26,1.52,1.93,2.22,2.4,2.74,3
03/27/17,0.73,0.78,0.91,1,1.27,1.51,1.93,2.2,2.38,2.73,2.98
03/28/17,0.75,0.78,0.92,1.03,1.3,1.56,1.97,2.25,2.42,2.77,3.02
03/29/17,0.76,0.78,0.92,1.04,1.26,1.53,1.93,2.21,2.39,2.74,2.99
03/30/17,0.75,0.78,0.91,1.03,1.28,1.55,1.96,2.25,2.42,2.78,3.03
03/31/17,0.74,0.76,0.91,1.03,1.27,1.5,1.93,2.22,2.4,2.76,3.02
04/03/17,0.73,0.79,0.92,1.02,1.24,1.47,1.88,2.16,2.35,2.71,2.98
04/04/17,0.77,0.79,0.92,1.03,1.25,1.47,1.88,2.16,2.36,2.72,2.99
04/05/17,0.77,0.8,0.93,1.03,1.24,1.44,1.85,2.14,2.34,2.71,2.98
04/06/17,0.78,0.79,0.94,1.05,1.24,1.45,1.87,2.15,2.34,2.72,2.99
04/07/17,0.77,0.82,0.95,1.08,1.29,1.52,1.92,2.2,2.38,2.74,3
04/10/17,0.77,0.82,0.97,1.07,1.29,1.52,1.91,2.18,2.37,2.72,2.99
04/11/17,0.74,0.82,0.94,1.05,1.24,1.45,1.84,2.11,2.32,2.67,2.93
04/12/17,0.77,0.81,0.95,1.04,1.24,1.44,1.81,2.09,2.28,2.65,2.92
04/13/17,0.76,0.81,0.94,1.03,1.21,1.4,1.77,2.05,2.24,2.62,2.89
04/17/17,0.76,0.83,0.94,1.04,1.21,1.42,1.79,2.07,2.26,2.65,2.92
04/18/17,0.76,0.82,0.94,1.02,1.18,1.35,1.71,1.98,2.18,2.56,2.84
04/19/17,0.75,0.81,0.94,1.02,1.19,1.38,1.74,2.02,2.21,2.59,2.87
04/20/17,0.73,0.79,0.93,1.01,1.21,1.41,1.78,2.06,2.24,2.61,2.89
04/21/17,0.72,0.79,0.92,0.99,1.2,1.4,1.77,2.05,2.24,2.61,2.89
04/24/17,0.74,0.81,0.96,1.03,1.25,1.44,1.81,2.09,2.28,2.65,2.93
04/25/17,0.73,0.82,0.98,1.09,1.29,1.49,1.87,2.15,2.35,2.71,2.99
04/26/17,0.74,0.83,0.99,1.07,1.28,1.46,1.84,2.12,2.32,2.69,2.97
04/27/17,0.7,0.81,0.98,1.06,1.25,1.44,1.81,2.1,2.3,2.68,2.96
04/28/17,0.68,0.8,0.99,1.07,1.28,1.45,1.81,2.1,2.29,2.67,2.96
05/01/17,0.67,0.83,0.98,1.09,1.28,1.48,1.84,2.13,2.33,2.71,3
05/02/17,0.72,0.82,0.99,1.08,1.27,1.45,1.81,2.09,2.29,2.68,2.97
05/03/17,0.73,0.85,1,1.1,1.3,1.5,1.86,2.14,2.33,2.7,2.97
05/04/17,0.71,0.86,1,1.11,1.32,1.51,1.88,2.17,2.36,2.73,3
05/05/17,0.71,0.9,1.01,1.1,1.32,1.52,1.89,2.17,2.36,2.73,2.99
05/08/17,0.73,0.91,1.02,1.12,1.33,1.53,1.91,2.19,2.39,2.76,3.02
05/09/17,0.74,0.91,1.04,1.14,1.37,1.57,1.94,2.22,2.42,2.79,3.04
05/10/17,0.71,0.9,1.04,1.13,1.35,1.56,1.94,2.22,2.41,2.79,3.03
05/11/17,0.68,0.89,1.04,1.13,1.35,1.55,1.93,2.2,2.39,2.78,3.03
05/12/17,0.69,0.88,1.03,1.11,1.29,1.49,1.85,2.13,2.33,2.74,2.98
05/15/17,0.73,0.9,1.02,1.11,1.31,1.49,1.86,2.14,2.34,2.76,3
05/16/17,0.72,0.9,1.04,1.11,1.29,1.48,1.86,2.13,2.33,2.74,2.99
05/17/17,0.72,0.9,1,1.08,1.26,1.42,1.76,2.03,2.22,2.65,2.91
05/18/17,0.73,0.93,1.02,1.09,1.27,1.44,1.78,2.04,2.23,2.64,2.9
05/19/17,0.71,0.92,1.03,1.1,1.28,1.45,1.79,2.05,2.23,2.63,2.9
05/22/17,0.7,0.93,1.05,1.12,1.29,1.45,1.8,2.06,2.25,2.64,2.91
05/23/17,0.76,0.92,1.08,1.14,1.31,1.49,1.84,2.1,2.29,2.68,2.95
05/24/17,0.76,0.93,1.07,1.18,1.29,1.46,1.79,2.07,2.26,2.65,2.92
05/25/17,0.72,0.94,1.08,1.16,1.3,1.46,1.78,2.06,2.25,2.65,2.92
05/26/17,0.75,0.94,1.08,1.17,1.3,1.46,1.79,2.06,2.25,2.65,2.92
05/30/17,0.77,0.93,1.07,1.16,1.28,1.44,1.76,2.02,2.21,2.61,2.88
05/31/17,0.86,0.98,1.08,1.17,1.28,1.44,1.75,2.02,2.21,2.6,2.87
06/01/17,0.82,0.98,1.07,1.16,1.28,1.45,1.76,2.02,2.21,2.6,2.87
06/02/17,0.82,0.98,1.06,1.16,1.28,1.42,1.71,1.96,2.15,2.53,2.8
06/05/17,0.83,0.96,1.06,1.16,1.32,1.45,1.74,1.99,2.18,2.56,2.84
06/06/17,0.83,0.97,1.08,1.16,1.3,1.42,1.71,1.95,2.14,2.53,2.81
06/07/17,0.84,1,1.09,1.17,1.32,1.45,1.74,1.99,2.18,2.56,2.84
06/08/17,0.8,1.01,1.11,1.19,1.33,1.47,1.75,2,2.19,2.57,2.85
06/09/17,0.8,1.01,1.13,1.2,1.35,1.5,1.77,2.02,2.21,2.59,2.86
06/12/17,0.82,0.98,1.09,1.19,1.35,1.5,1.78,2.02,2.21,2.59,2.86
06/13/17,0.89,1,1.12,1.22,1.38,1.51,1.79,2.02,2.21,2.6,2.87
06/14/17,0.9,1.01,1.12,1.2,1.35,1.48,1.74,1.96,2.15,2.53,2.79
06/15/17,0.86,1.02,1.13,1.21,1.35,1.49,1.76,1.98,2.16,2.52,2.78
06/16/17,0.85,1.03,1.13,1.21,1.32,1.48,1.75,1.97,2.16,2.52,2.78
06/19/17,0.85,1.02,1.13,1.22,1.36,1.52,1.8,2.02,2.19,2.53,2.79
06/20/17,0.88,1.01,1.14,1.22,1.36,1.5,1.77,1.99,2.16,2.49,2.74
06/21/17,0.85,0.99,1.12,1.22,1.36,1.5,1.78,2,2.16,2.48,2.73
06/22/17,0.8,0.96,1.1,1.22,1.34,1.48,1.76,1.98,2.15,2.47,2.72
06/23/17,0.76,0.97,1.1,1.21,1.34,1.48,1.77,1.98,2.15,2.48,2.71
06/26/17,0.81,0.99,1.1,1.2,1.36,1.48,1.77,1.97,2.14,2.46,2.7
06/27/17,0.89,1,1.13,1.22,1.38,1.53,1.83,2.04,2.21,2.52,2.75
06/28/17,0.89,1.02,1.12,1.21,1.34,1.51,1.81,2.05,2.22,2.55,2.77
06/29/17,0.88,1.04,1.14,1.23,1.38,1.53,1.85,2.1,2.27,2.59,2.82
06/30/17,0.84,1.03,1.14,1.24,1.38,1.55,1.89,2.14,2.31,2.61,2.84
07/03/17,0.96,1.06,1.13,1.24,1.41,1.6,1.93,2.19,2.35,2.65,2.86
07/05/17,0.97,1.05,1.15,1.24,1.41,1.59,1.92,2.17,2.33,2.63,2.85
07/06/17,0.95,1.04,1.14,1.23,1.4,1.6,1.94,2.21,2.37,2.68,2.9
07/07/17,0.94,1.05,1.14,1.22,1.4,1.6,1.95,2.22,2.39,2.71,2.93
07/10/17,0.95,1.04,1.13,1.23,1.4,1.59,1.93,2.2,2.38,2.7,2.93
07/11/17,0.97,1.05,1.14,1.2,1.37,1.57,1.92,2.18,2.37,2.69,2.92
07/12/17,0.94,1.05,1.13,1.21,1.35,1.53,1.88,2.14,2.33,2.65,2.89
07/13/17,0.95,1.05,1.14,1.23,1.37,1.55,1.89,2.16,2.35,2.69,2.92
07/14/17,0.93,1.04,1.12,1.22,1.35,1.54,1.87,2.13,2.33,2.67,2.91
07/17/17,0.95,1.07,1.1,1.22,1.36,1.53,1.86,2.12,2.31,2.65,2.89
07/18/17,0.95,1.07,1.11,1.19,1.36,1.52,1.82,2.08,2.27,2.61,2.85
07/19/17,0.99,1.11,1.12,1.23,1.37,1.52,1.83,2.09,2.27,2.61,2.85
07/20/17,1,1.15,1.12,1.22,1.37,1.51,1.82,2.08,2.27,2.6,2.83
07/21/17,1,1.16,1.1,1.22,1.36,1.5,1.81,2.05,2.24,2.57,2.81
07/24/17,1,1.17,1.12,1.23,1.37,1.53,1.83,2.07,2.26,2.59,2.83
07/25/17,0.96,1.18,1.15,1.24,1.4,1.56,1.9,2.15,2.33,2.67,2.91
07/26/17,1.02,1.13,1.14,1.23,1.36,1.5,1.83,2.09,2.29,2.65,2.89
07/27/17,1.01,1.11,1.13,1.22,1.36,1.52,1.84,2.12,2.32,2.68,2.93
07/28/17,1,1.08,1.13,1.22,1.34,1.51,1.83,2.1,2.3,2.65,2.89
07/31/17,1,1.07,1.13,1.23,1.34,1.51,1.84,2.11,2.3,2.66,2.89
08/01/17,1,1.08,1.15,1.22,1.34,1.5,1.8,2.07,2.26,2.61,2.86
08/02/17,1.02,1.08,1.15,1.24,1.36,1.52,1.82,2.08,2.27,2.6,2.85
08/03/17,1,1.08,1.13,1.22,1.34,1.49,1.79,2.05,2.24,2.56,2.81
08/04/17,1,1.08,1.14,1.23,1.36,1.51,1.82,2.08,2.27,2.61,2.84
08/07/17,0.99,1.02,1.14,1.22,1.36,1.52,1.81,2.07,2.26,2.6,2.84
08/08/17,1,1.06,1.16,1.24,1.36,1.53,1.84,2.1,2.29,2.63,2.86
08/09/17,1.01,1.06,1.15,1.21,1.33,1.5,1.81,2.06,2.24,2.59,2.82
08/10/17,1.02,1.05,1.14,1.22,1.33,1.49,1.78,2.03,2.2,2.55,2.79
08/11/17,0.99,1.03,1.14,1.21,1.3,1.43,1.74,2,2.19,2.55,2.79
08/14/17,0.95,1.02,1.13,1.23,1.33,1.48,1.77,2.04,2.22,2.57,2.81
08/15/17,0.97,1.04,1.16,1.23,1.35,1.51,1.83,2.09,2.27,2.6,2.84
08/16/17,0.97,1.02,1.13,1.24,1.33,1.49,1.79,2.04,2.23,2.58,2.81
08/17/17,0.95,1,1.11,1.24,1.32,1.46,1.76,2.01,2.19,2.54,2.78
08/18/17,0.97,1.02,1.13,1.24,1.33,1.47,1.77,2.01,2.19,2.54,2.78
08/21/17,0.95,1,1.11,1.23,1.32,1.46,1.76,2,2.18,2.52,2.77
08/22/17,0.93,1,1.13,1.24,1.33,1.48,1.8,2.04,2.22,2.55,2.79
08/23/17,0.98,1,1.11,1.22,1.32,1.45,1.76,1.99,2.17,2.51,2.75
08/24/17,0.98,1.02,1.11,1.23,1.33,1.47,1.78,2.01,2.19,2.53,2.77
08/25/17,0.99,1.03,1.11,1.23,1.35,1.47,1.77,2,2.17,2.51,2.75
08/28/17,0.99,0.98,1.12,1.24,1.33,1.46,1.74,1.99,2.16,2.51,2.76
08/29/17,0.96,1.03,1.13,1.23,1.33,1.43,1.7,1.96,2.13,2.48,2.74
08/30/17,0.96,1.03,1.11,1.23,1.33,1.44,1.72,1.97,2.15,2.49,2.75
08/31/17,0.95,1.01,1.08,1.23,1.33,1.44,1.7,1.95,2.12,2.47,2.73
09/01/17,0.96,1.02,1.1,1.24,1.35,1.46,1.73,1.99,2.16,2.51,2.77
09/05/17,1.3,1.03,1.13,1.23,1.3,1.4,1.65,1.9,2.07,2.43,2.69
09/06/17,1.04,1.07,1.17,1.24,1.3,1.42,1.69,1.93,2.1,2.46,2.72
09/07/17,0.98,1.05,1.15,1.21,1.27,1.38,1.63,1.88,2.05,2.4,2.66
09/08/17,0.96,1.04,1.14,1.22,1.27,1.39,1.64,1.89,2.06,2.41,2.67
09/11/17,0.97,1.05,1.16,1.24,1.32,1.44,1.71,1.96,2.14,2.49,2.75
09/12/17,0.99,1.03,1.16,1.27,1.33,1.46,1.75,1.99,2.17,2.52,2.78
09/13/17,0.99,1.04,1.16,1.27,1.35,1.48,1.78,2.01,2.2,2.53,2.79
09/14/17,0.99,1.05,1.17,1.28,1.37,1.5,1.79,2.01,2.2,2.52,2.77
09/15/17,0.98,1.05,1.17,1.3,1.39,1.53,1.81,2.04,2.2,2.52,2.77
09/18/17,0.96,1.05,1.18,1.3,1.4,1.54,1.83,2.06,2.23,2.56,2.8
09/19/17,0.97,1.04,1.19,1.31,1.4,1.55,1.84,2.07,2.24,2.57,2.81
09/20/17,0.98,1.04,1.2,1.32,1.45,1.6,1.89,2.12,2.28,2.59,2.82
09/21/17,0.99,1.04,1.19,1.31,1.45,1.59,1.89,2.11,2.27,2.57,2.8
09/22/17,0.97,1.03,1.19,1.3,1.46,1.58,1.88,2.1,2.26,2.57,2.8
09/25/17,0.97,1.05,1.19,1.3,1.44,1.56,1.85,2.07,2.22,2.53,2.76
09/26/17,0.96,1.06,1.19,1.31,1.45,1.57,1.87,2.08,2.24,2.54,2.78
09/27/17,0.99,1.07,1.2,1.33,1.47,1.6,1.91,2.14,2.31,2.62,2.86
09/28/17,0.97,1.06,1.18,1.31,1.45,1.59,1.89,2.13,2.31,2.63,2.87
09/29/17,0.96,1.06,1.2,1.31,1.47,1.62,1.92,2.16,2.33,2.63,2.86
10/02/17,0.95,1.01,1.22,1.31,1.49,1.63,1.94,2.17,2.34,2.64,2.87
10/03/17,1.01,1.07,1.21,1.32,1.47,1.62,1.92,2.15,2.33,2.63,2.87
10/04/17,1,1.08,1.21,1.33,1.47,1.62,1.92,2.15,2.33,2.64,2.87
10/05/17,1.02,1.07,1.21,1.35,1.49,1.63,1.94,2.17,2.35,2.65,2.89
10/06/17,1.03,1.07,1.22,1.35,1.54,1.66,1.97,2.2,2.37,2.68,2.91
10/10/17,1.03,1.08,1.26,1.42,1.51,1.64,1.95,2.18,2.35,2.65,2.88
10/11/17,1.04,1.1,1.25,1.4,1.51,1.66,1.95,2.17,2.35,2.64,2.88
10/12/17,0.99,1.09,1.27,1.41,1.51,1.66,1.95,2.16,2.33,2.62,2.86
10/13/17,0.97,1.09,1.26,1.39,1.51,1.64,1.91,2.12,2.28,2.58,2.81
10/16/17,0.97,1.1,1.24,1.42,1.54,1.68,1.95,2.15,2.3,2.58,2.82
10/17/17,0.99,1.09,1.25,1.41,1.54,1.69,1.97,2.15,2.3,2.58,2.8
10/18/17,0.99,1.09,1.24,1.42,1.59,1.7,1.99,2.19,2.34,2.62,2.85
10/19/17,0.99,1.1,1.25,1.41,1.58,1.69,1.98,2.18,2.33,2.6,2.83
10/20/17,0.99,1.11,1.27,1.43,1.6,1.72,2.03,2.24,2.39,2.67,2.89
10/23/17,1,1.09,1.25,1.42,1.58,1.7,2.01,2.22,2.38,2.66,2.89
10/24/17,1,1.12,1.27,1.43,1.6,1.73,2.05,2.26,2.42,2.7,2.92
10/25/17,1.01,1.12,1.27,1.43,1.61,1.74,2.06,2.28,2.44,2.72,2.95
10/26/17,0.99,1.11,1.29,1.43,1.63,1.76,2.07,2.3,2.46,2.74,2.96
10/27/17,0.98,1.1,1.28,1.42,1.59,1.73,2.03,2.26,2.42,2.71,2.93
10/30/17,0.97,1.12,1.24,1.42,1.58,1.71,2,2.22,2.37,2.66,2.88
10/31/17,0.99,1.15,1.28,1.43,1.6,1.73,2.01,2.23,2.38,2.66,2.88
11/01/17,1.06,1.18,1.3,1.46,1.61,1.74,2.01,2.22,2.37,2.63,2.85
11/02/17,1.02,1.17,1.29,1.46,1.61,1.73,2,2.21,2.35,2.61,2.83
11/03/17,1.02,1.18,1.31,1.49,1.63,1.74,1.99,2.19,2.34,2.59,2.82
11/06/17,1.03,1.19,1.3,1.5,1.61,1.73,1.99,2.17,2.32,2.58,2.8
11/07/17,1.05,1.22,1.33,1.49,1.63,1.75,1.99,2.17,2.32,2.56,2.77
11/08/17,1.05,1.23,1.35,1.53,1.65,1.77,2.01,2.19,2.32,2.57,2.79
11/09/17,1.07,1.24,1.36,1.53,1.63,1.75,2.01,2.2,2.33,2.59,2.81
11/10/17,1.06,1.23,1.37,1.54,1.67,1.79,2.06,2.27,2.4,2.67,2.88
11/13/17,1.07,1.24,1.37,1.55,1.7,1.82,2.08,2.27,2.4,2.67,2.87
11/14/17,1.06,1.26,1.4,1.55,1.68,1.81,2.06,2.26,2.38,2.64,2.84
11/15/17,1.08,1.25,1.39,1.55,1.68,1.79,2.04,2.21,2.33,2.58,2.77
11/16/17,1.08,1.27,1.42,1.59,1.72,1.83,2.07,2.25,2.37,2.62,2.81
11/17/17,1.08,1.29,1.42,1.6,1.73,1.83,2.06,2.23,2.35,2.59,2.78
11/20/17,1.09,1.3,1.46,1.62,1.77,1.86,2.09,2.26,2.37,2.6,2.78
11/21/17,1.15,1.3,1.45,1.62,1.77,1.88,2.11,2.27,2.36,2.58,2.76
11/22/17,1.16,1.29,1.45,1.61,1.74,1.84,2.05,2.22,2.32,2.57,2.75
11/24/17,1.14,1.29,1.45,1.61,1.75,1.85,2.07,2.23,2.34,2.58,2.76
11/27/17,1.15,1.27,1.41,1.62,1.74,1.84,2.06,2.21,2.32,2.57,2.76
11/28/17,1.16,1.3,1.46,1.61,1.75,1.85,2.07,2.24,2.34,2.58,2.77
11/29/17,1.17,1.29,1.45,1.61,1.78,1.86,2.09,2.27,2.37,2.62,2.81
11/30/17,1.14,1.27,1.44,1.62,1.78,1.9,2.14,2.31,2.42,2.65,2.83
12/01/17,1.14,1.27,1.45,1.62,1.78,1.9,2.13,2.28,2.37,2.58,2.76
12/04/17,1.16,1.29,1.45,1.66,1.8,1.93,2.15,2.29,2.37,2.58,2.77
12/05/17,1.21,1.3,1.48,1.64,1.83,1.94,2.15,2.28,2.36,2.55,2.73
12/06/17,1.18,1.3,1.48,1.68,1.78,1.92,2.11,2.25,2.33,2.53,2.71
12/07/17,1.16,1.29,1.47,1.67,1.8,1.92,2.14,2.29,2.37,2.58,2.76
12/08/17,1.14,1.28,1.45,1.65,1.8,1.92,2.14,2.29,2.38,2.59,2.77
12/11/17,1.18,1.33,1.47,1.69,1.82,1.95,2.16,2.3,2.39,2.59,2.77
12/12/17,1.26,1.34,1.49,1.7,1.83,1.95,2.18,2.32,2.4,2.6,2.79
12/13/17,1.22,1.3,1.47,1.68,1.79,1.9,2.12,2.26,2.36,2.56,2.74
12/14/17,1.21,1.32,1.48,1.7,1.82,1.92,2.14,2.27,2.35,2.53,2.71
12/15/17,1.24,1.31,1.48,1.71,1.84,1.95,2.16,2.28,2.35,2.52,2.68
12/18/17,1.26,1.38,1.51,1.7,1.84,1.94,2.17,2.3,2.39,2.57,2.74
12/19/17,1.25,1.37,1.51,1.71,1.87,1.97,2.23,2.37,2.46,2.66,2.82
12/20/17,1.22,1.38,1.51,1.72,1.87,1.98,2.24,2.4,2.49,2.71,2.88
12/21/17,1.21,1.35,1.54,1.73,1.89,2.01,2.26,2.39,2.48,2.68,2.84
12/22/17,1.15,1.33,1.54,1.73,1.91,2.01,2.26,2.4,2.48,2.68,2.83
12/26/17,1.24,1.47,1.52,1.75,1.92,2.02,2.25,2.38,2.47,2.66,2.82
12/27/17,1.18,1.44,1.53,1.75,1.89,1.99,2.22,2.34,2.42,2.59,2.75
12/28/17,1.19,1.39,1.54,1.76,1.91,2,2.23,2.36,2.43,2.6,2.75
12/29/17,1.28,1.39,1.53,1.76,1.89,1.98,2.2,2.33,2.4,2.58,2.74
01/02/18,1.29,1.44,1.61,1.83,1.92,2.01,2.25,2.38,2.46,2.64,2.81
01/03/18,1.29,1.41,1.59,1.81,1.94,2.02,2.25,2.37,2.44,2.62,2.78
01/04/18,1.28,1.41,1.6,1.82,1.96,2.05,2.27,2.38,2.46,2.62,2.79
01/05/18,1.27,1.39,1.58,1.8,1.96,2.06,2.29,2.4,2.47,2.64,2.81
01/08/18,1.3,1.45,1.6,1.79,1.96,2.07,2.29,2.41,2.49,2.65,2.81
01/09/18,1.27,1.44,1.6,1.78,1.98,2.09,2.33,2.46,2.55,2.72,2.88
01/10/18,1.31,1.42,1.59,1.78,1.98,2.08,2.32,2.47,2.55,2.73,2.88
01/11/18,1.32,1.43,1.58,1.77,1.98,2.09,2.32,2.46,2.54,2.72,2.91
01/12/18,1.31,1.43,1.59,1.78,1.99,2.12,2.35,2.48,2.55,2.71,2.85
01/16/18,1.33,1.45,1.63,1.79,2.03,2.12,2.36,2.48,2.54,2.69,2.83
01/17/18,1.31,1.44,1.63,1.79,2.05,2.15,2.39,2.51,2.57,2.71,2.84
01/18/18,1.29,1.45,1.63,1.79,2.05,2.17,2.43,2.55,2.62,2.77,2.9
01/19/18,1.28,1.44,1.62,1.79,2.06,2.2,2.45,2.57,2.64,2.78,2.91
01/22/18,1.27,1.44,1.65,1.79,2.08,2.21,2.46,2.59,2.66,2.79,2.93
01/23/18,1.26,1.44,1.63,1.78,2.06,2.18,2.43,2.55,2.63,2.77,2.9
01/24/18,1.25,1.43,1.63,1.79,2.08,2.2,2.43,2.57,2.65,2.8,2.93
01/25/18,1.23,1.42,1.64,1.8,2.08,2.2,2.41,2.55,2.63,2.76,2.89
01/26/18,1.24,1.41,1.64,1.8,2.13,2.24,2.47,2.6,2.66,2.79,2.91
01/29/18,1.28,1.44,1.66,1.8,2.11,2.26,2.49,2.63,2.7,2.82,2.94
01/30/18,1.49,1.44,1.66,1.88,2.13,2.27,2.51,2.65,2.73,2.86,2.98
01/31/18,1.43,1.46,1.66,1.9,2.14,2.29,2.52,2.66,2.72,2.83,2.95
02/01/18,1.41,1.48,1.64,1.89,2.16,2.33,2.56,2.72,2.78,2.9,3.01
02/02/18,1.4,1.48,1.65,1.88,2.15,2.33,2.58,2.76,2.84,2.97,3.08
02/05/18,1.4,1.51,1.67,1.85,2.08,2.25,2.5,2.68,2.77,2.92,3.04
02/06/18,1.48,1.52,1.69,1.87,2.1,2.3,2.52,2.7,2.79,2.94,3.06
02/07/18,1.36,1.55,1.73,1.91,2.15,2.33,2.57,2.75,2.84,3.01,3.12
02/08/18,1.32,1.55,1.73,1.91,2.13,2.32,2.57,2.76,2.85,3.03,3.14
02/09/18,1.31,1.55,1.73,1.89,2.05,2.26,2.52,2.72,2.83,3.02,3.14
02/12/18,1.35,1.62,1.82,1.93,2.09,2.3,2.56,2.77,2.86,3.02,3.14
02/13/18,1.34,1.59,1.8,1.95,2.1,2.3,2.54,2.74,2.83,2.99,3.11
02/14/18,1.32,1.58,1.81,1.98,2.17,2.4,2.65,2.84,2.91,3.07,3.18
02/15/18,1.3,1.58,1.82,1.99,2.19,2.4,2.65,2.83,2.9,3.04,3.15
02/16/18,1.35,1.62,1.83,2,2.21,2.38,2.63,2.81,2.87,3.02,3.13
02/20/18,1.39,1.66,1.87,2.01,2.25,2.4,2.65,2.81,2.88,3.04,3.15
02/21/18,1.4,1.64,1.85,2.03,2.26,2.44,2.69,2.86,2.94,3.11,3.22
02/22/18,1.34,1.63,1.84,2.02,2.25,2.42,2.66,2.84,2.92,3.09,3.21
02/23/18,1.38,1.64,1.85,2.02,2.25,2.39,2.62,2.79,2.88,3.04,3.16
02/26/18,1.39,1.66,1.87,2.03,2.22,2.37,2.6,2.77,2.86,3.03,3.15
02/27/18,1.49,1.66,1.87,2.08,2.27,2.43,2.67,2.83,2.9,3.06,3.17
02/28/18,1.5,1.65,1.86,2.07,2.25,2.42,2.65,2.8,2.87,3.02,3.13
03/01/18,1.5,1.63,1.85,2.05,2.22,2.36,2.58,2.74,2.81,2.97,3.09
03/02/18,1.5,1.65,1.86,2.06,2.25,2.4,2.63,2.79,2.86,3.02,3.14
03/05/18,1.53,1.7,1.86,2.06,2.24,2.41,2.65,2.81,2.88,3.04,3.16
03/06/18,1.56,1.68,1.87,2.06,2.25,2.42,2.65,2.81,2.88,3.03,3.14
03/07/18,1.57,1.68,1.87,2.05,2.25,2.42,2.65,2.81,2.89,3.04,3.15
03/08/18,1.57,1.67,1.89,2.05,2.25,2.42,2.63,2.79,2.86,3.01,3.13
03/09/18,1.57,1.67,1.89,2.03,2.27,2.45,2.65,2.82,2.9,3.04,3.16
03/12/18,1.6,1.71,1.89,2.05,2.27,2.43,2.64,2.79,2.87,3,3.13
03/13/18,1.64,1.73,1.9,2.03,2.26,2.41,2.62,2.77,2.84,2.98,3.1
03/14/18,1.71,1.76,1.94,2.05,2.26,2.41,2.61,2.75,2.81,2.94,3.05
03/15/18,1.7,1.77,1.95,2.07,2.29,2.42,2.62,2.76,2.82,2.94,3.05
03/16/18,1.71,1.78,1.96,2.08,2.31,2.44,2.65,2.78,2.85,2.96,3.08
03/19/18,1.7,1.8,1.99,2.08,2.31,2.45,2.65,2.78,2.85,2.97,3.09
03/20/18,1.76,1.81,1.97,2.08,2.34,2.49,2.69,2.82,2.89,3.01,3.12
03/21/18,1.71,1.74,1.95,2.06,2.31,2.46,2.69,2.82,2.89,3.01,3.12
03/22/18,1.67,1.72,1.95,2.05,2.29,2.43,2.63,2.76,2.83,2.94,3.06
03/23/18,1.69,1.74,1.92,2.04,2.28,2.41,2.61,2.74,2.82,2.94,3.06
03/26/18,1.71,1.79,1.94,2.06,2.33,2.44,2.64,2.78,2.85,2.96,3.08
03/27/18,1.69,1.77,1.93,2.1,2.26,2.39,2.58,2.7,2.78,2.9,3.03
03/28/18,1.65,1.73,1.95,2.12,2.28,2.41,2.59,2.72,2.77,2.89,3.01
03/29/18,1.63,1.73,1.93,2.09,2.27,2.39,2.56,2.68,2.74,2.85,2.97
04/02/18,1.68,1.77,1.92,2.08,2.25,2.37,2.55,2.67,2.73,2.85,2.97
04/03/18,1.7,1.75,1.92,2.09,2.28,2.41,2.6,2.73,2.79,2.9,3.02
04/04/18,1.67,1.71,1.9,2.07,2.28,2.42,2.61,2.73,2.79,2.91,3.03
04/05/18,1.67,1.72,1.93,2.07,2.3,2.45,2.64,2.76,2.83,2.95,3.07
04/06/18,1.68,1.73,1.91,2.06,2.27,2.4,2.58,2.7,2.77,2.89,3.01
04/09/18,1.67,1.76,1.93,2.08,2.29,2.43,2.6,2.72,2.78,2.89,3.02
04/10/18,1.63,1.74,1.93,2.09,2.32,2.45,2.62,2.74,2.8,2.89,3.02
04/11/18,1.64,1.73,1.95,2.09,2.32,2.45,2.62,2.72,2.79,2.87,2.99
04/12/18,1.65,1.75,1.95,2.11,2.34,2.49,2.67,2.78,2.83,2.92,3.05
04/13/18,1.64,1.76,1.97,2.12,2.37,2.51,2.67,2.77,2.82,2.91,3.03
04/16/18,1.64,1.79,1.98,2.12,2.39,2.52,2.69,2.78,2.83,2.91,3.03
04/17/18,1.68,1.8,2.02,2.16,2.41,2.52,2.68,2.77,2.82,2.89,3
04/18/18,1.67,1.81,2.01,2.17,2.42,2.57,2.73,2.83,2.87,2.95,3.06
04/19/18,1.67,1.82,2.01,2.21,2.44,2.58,2.77,2.87,2.92,3.01,3.11
04/20/18,1.65,1.81,2.01,2.22,2.46,2.62,2.8,2.91,2.96,3.04,3.14
04/23/18,1.69,1.87,2.04,2.25,2.49,2.64,2.83,2.94,2.98,3.05,3.15
04/24/18,1.7,1.87,2.05,2.25,2.48,2.63,2.83,2.95,3,3.08,3.18
04/25/18,1.65,1.85,2.03,2.26,2.49,2.64,2.84,2.97,3.03,3.12,3.21
04/26/18,1.62,1.82,2.02,2.25,2.49,2.63,2.82,2.95,3,3.08,3.18
04/27/18,1.62,1.82,2.02,2.24,2.49,2.62,2.8,2.92,2.96,3.03,3.13
04/30/18,1.65,1.87,2.04,2.24,2.49,2.62,2.79,2.91,2.95,3.01,3.11
05/01/18,1.68,1.85,2.05,2.26,2.5,2.66,2.82,2.93,2.97,3.03,3.13
05/02/18,1.69,1.84,2.03,2.24,2.49,2.64,2.8,2.92,2.97,3.04,3.14
05/03/18,1.68,1.84,2.02,2.24,2.49,2.62,2.78,2.9,2.94,3.02,3.12
05/04/18,1.67,1.84,2.03,2.24,2.51,2.63,2.78,2.9,2.95,3.02,3.12
05/07/18,1.69,1.86,2.05,2.25,2.49,2.64,2.78,2.9,2.95,3.02,3.12
05/08/18,1.69,1.87,2.05,2.26,2.51,2.66,2.81,2.93,2.97,3.04,3.13
05/09/18,1.68,1.88,2.05,2.27,2.54,2.68,2.84,2.96,3,3.07,3.16
05/10/18,1.69,1.9,2.05,2.27,2.54,2.69,2.83,2.94,2.97,3.04,3.12
05/11/18,1.68,1.92,2.06,2.28,2.54,2.69,2.84,2.94,2.97,3.03,3.1
05/14/18,1.7,1.93,2.09,2.28,2.55,2.7,2.85,2.96,3,3.06,3.13
05/15/18,1.69,1.92,2.09,2.31,2.58,2.75,2.92,3.04,3.08,3.14,3.2
05/16/18,1.69,1.92,2.09,2.32,2.58,2.76,2.94,3.05,3.09,3.16,3.21
05/17/18,1.7,1.92,2.1,2.32,2.57,2.75,2.94,3.07,3.11,3.19,3.25
05/18/18,1.68,1.91,2.09,2.32,2.55,2.71,2.9,3.02,3.06,3.14,3.2
05/21/18,1.71,1.93,2.14,2.35,2.58,2.73,2.9,3.02,3.06,3.13,3.2
05/22/18,1.73,1.93,2.13,2.34,2.59,2.73,2.9,3.02,3.06,3.14,3.21
05/23/18,1.76,1.92,2.11,2.29,2.53,2.67,2.83,2.95,3.01,3.09,3.17
05/24/18,1.74,1.91,2.09,2.28,2.5,2.65,2.82,2.93,2.98,3.06,3.13
05/25/18,1.7,1.9,2.07,2.27,2.48,2.6,2.76,2.88,2.93,3.01,3.09
05/29/18,1.77,1.93,2.06,2.17,2.32,2.43,2.58,2.71,2.77,2.87,2.96
05/30/18,1.77,1.94,2.08,2.23,2.42,2.53,2.67,2.79,2.84,2.93,3.01
05/31/18,1.76,1.93,2.08,2.23,2.4,2.54,2.68,2.78,2.83,2.91,3
06/01/18,1.74,1.92,2.1,2.28,2.47,2.61,2.74,2.85,2.89,2.96,3.04
06/04/18,1.77,1.94,2.13,2.3,2.52,2.64,2.78,2.89,2.94,3,3.08
06/05/18,1.82,1.94,2.13,2.32,2.49,2.62,2.76,2.87,2.92,2.99,3.07
06/06/18,1.81,1.95,2.13,2.32,2.52,2.65,2.81,2.93,2.97,3.05,3.13
06/07/18,1.78,1.94,2.12,2.31,2.5,2.63,2.77,2.88,2.93,3,3.08
06/08/18,1.78,1.93,2.12,2.3,2.5,2.63,2.77,2.88,2.93,3,3.08
06/11/18,1.82,1.94,2.11,2.32,2.52,2.66,2.8,2.91,2.96,3.02,3.1
06/12/18,1.81,1.92,2.1,2.31,2.54,2.67,2.81,2.91,2.96,3.02,3.09
06/13/18,1.82,1.94,2.09,2.35,2.59,2.71,2.85,2.95,2.98,3.04,3.1
06/14/18,1.81,1.94,2.07,2.35,2.59,2.69,2.81,2.9,2.94,2.99,3.05
06/15/18,1.82,1.94,2.07,2.35,2.55,2.68,2.81,2.89,2.93,2.98,3.05
06/18/18,1.84,1.94,2.13,2.35,2.56,2.67,2.8,2.89,2.92,2.98,3.05
06/19/18,1.85,1.94,2.13,2.34,2.54,2.64,2.77,2.84,2.89,2.95,3.02
06/20/18,1.85,1.94,2.14,2.36,2.56,2.67,2.8,2.89,2.93,2.99,3.06
06/21/18,1.85,1.94,2.12,2.34,2.56,2.65,2.77,2.86,2.9,2.97,3.04
06/22/18,1.83,1.93,2.11,2.33,2.56,2.65,2.77,2.86,2.9,2.97,3.04
06/25/18,1.8,1.93,2.13,2.34,2.54,2.63,2.75,2.83,2.87,2.95,3.02
06/26/18,1.79,1.93,2.14,2.33,2.53,2.63,2.75,2.84,2.88,2.95,3.03
06/27/18,1.79,1.93,2.1,2.33,2.52,2.59,2.71,2.79,2.83,2.9,2.97
06/28/18,1.76,1.93,2.11,2.33,2.52,2.6,2.73,2.81,2.84,2.91,2.97
06/29/18,1.77,1.93,2.11,2.33,2.52,2.63,2.73,2.81,2.85,2.91,2.98
07/02/18,1.9,1.98,2.14,2.34,2.57,2.65,2.75,2.83,2.87,2.92,2.99
07/03/18,1.91,1.98,2.12,2.33,2.53,2.63,2.72,2.79,2.83,2.89,2.96
07/05/18,1.87,1.96,2.11,2.32,2.55,2.65,2.74,2.8,2.84,2.88,2.95
07/06/18,1.86,1.97,2.13,2.34,2.53,2.64,2.71,2.78,2.82,2.87,2.94
07/09/18,1.87,1.98,2.15,2.34,2.57,2.66,2.75,2.82,2.86,2.9,2.96
07/10/18,1.88,1.99,2.15,2.36,2.59,2.69,2.77,2.83,2.87,2.91,2.97
07/11/18,1.89,1.97,2.14,2.36,2.58,2.67,2.74,2.82,2.85,2.89,2.95
07/12/18,1.89,1.98,2.17,2.39,2.6,2.68,2.75,2.83,2.85,2.89,2.95
07/13/18,1.87,1.98,2.16,2.37,2.59,2.66,2.73,2.8,2.83,2.87,2.94
07/16/18,1.9,2.01,2.19,2.39,2.59,2.67,2.75,2.82,2.85,2.9,2.96
07/17/18,1.93,2.02,2.19,2.39,2.62,2.69,2.76,2.83,2.86,2.91,2.97
07/18/18,1.9,2,2.17,2.43,2.6,2.69,2.77,2.84,2.88,2.93,2.99
07/19/18,1.89,2,2.16,2.4,2.6,2.67,2.74,2.81,2.84,2.9,2.96
07/20/18,1.86,1.99,2.16,2.41,2.6,2.68,2.77,2.85,2.89,2.96,3.03
07/23/18,1.88,1.99,2.19,2.42,2.64,2.72,2.83,2.92,2.96,3.04,3.1
07/24/18,1.92,2.02,2.19,2.42,2.63,2.74,2.83,2.91,2.95,3.02,3.08
07/25/18,1.9,2.01,2.2,2.42,2.66,2.74,2.82,2.9,2.94,3,3.06
07/26/18,1.89,1.99,2.19,2.41,2.69,2.78,2.86,2.95,2.98,3.05,3.1
07/27/18,1.9,2,2.2,2.43,2.67,2.76,2.84,2.92,2.96,3.03,3.09
07/30/18,1.91,2.04,2.21,2.43,2.66,2.77,2.85,2.94,2.98,3.05,3.11
07/31/18,1.94,2.03,2.21,2.44,2.67,2.77,2.85,2.92,2.96,3.03,3.08
08/01/18,1.93,2.03,2.22,2.45,2.67,2.78,2.87,2.96,3,3.07,3.13
08/02/18,1.89,2.02,2.22,2.45,2.66,2.76,2.85,2.93,2.98,3.06,3.12
08/03/18,1.9,2.01,2.23,2.43,2.63,2.74,2.82,2.91,2.95,3.03,3.09
08/06/18,1.92,2.05,2.23,2.44,2.64,2.73,2.8,2.89,2.94,3.02,3.08
08/07/18,1.96,2.06,2.23,2.45,2.68,2.76,2.84,2.92,2.98,3.06,3.12
08/08/18,1.93,2.06,2.24,2.44,2.68,2.77,2.83,2.92,2.96,3.05,3.12
08/09/18,1.91,2.06,2.25,2.44,2.64,2.74,2.8,2.89,2.93,3.01,3.08
08/10/18,1.92,2.05,2.23,2.42,2.61,2.68,2.75,2.82,2.87,2.96,3.03
08/13/18,1.93,2.06,2.22,2.42,2.61,2.68,2.75,2.82,2.88,2.97,3.05
08/14/18,1.96,2.08,2.25,2.44,2.63,2.71,2.77,2.84,2.89,2.98,3.06
08/15/18,1.96,2.07,2.23,2.45,2.61,2.68,2.73,2.81,2.86,2.95,3.03
08/16/18,1.96,2.07,2.24,2.45,2.63,2.7,2.75,2.82,2.87,2.95,3.03
08/17/18,1.95,2.05,2.24,2.44,2.61,2.68,2.75,2.82,2.87,2.95,3.03
08/20/18,1.93,2.06,2.25,2.43,2.6,2.65,2.7,2.77,2.82,2.91,2.99
08/21/18,1.94,2.08,2.25,2.45,2.61,2.67,2.73,2.8,2.85,2.93,3
08/22/18,1.95,2.09,2.24,2.43,2.6,2.65,2.7,2.77,2.82,2.91,2.99
08/23/18,1.94,2.08,2.23,2.43,2.61,2.66,2.72,2.78,2.82,2.9,2.97
08/24/18,1.95,2.09,2.25,2.44,2.63,2.68,2.72,2.78,2.82,2.89,2.97
08/27/18,1.96,2.12,2.25,2.47,2.67,2.7,2.74,2.81,2.85,2.92,3
08/28/18,1.96,2.13,2.28,2.47,2.67,2.73,2.77,2.84,2.88,2.96,3.03
08/29/18,1.97,2.13,2.28,2.48,2.67,2.75,2.78,2.85,2.89,2.96,3.02
08/30/18,1.97,2.11,2.28,2.47,2.64,2.72,2.75,2.82,2.86,2.93,3
08/31/18,1.95,2.11,2.28,2.46,2.62,2.7,2.74,2.81,2.86,2.95,3.02
09/04/18,2,2.13,2.29,2.49,2.66,2.73,2.78,2.85,2.9,2.99,3.07
09/05/18,2,2.14,2.3,2.49,2.66,2.72,2.77,2.85,2.9,3,3.08
09/06/18,1.98,2.13,2.3,2.5,2.64,2.71,2.76,2.83,2.88,2.98,3.06
09/07/18,1.98,2.14,2.3,2.53,2.71,2.78,2.82,2.89,2.94,3.03,3.11
09/10/18,1.98,2.14,2.32,2.54,2.73,2.78,2.83,2.89,2.94,3.02,3.09
09/11/18,2.02,2.15,2.31,2.55,2.76,2.83,2.87,2.94,2.98,3.06,3.13
09/12/18,2.01,2.16,2.33,2.56,2.74,2.82,2.87,2.93,2.97,3.04,3.11
09/13/18,2.01,2.15,2.33,2.55,2.76,2.83,2.87,2.93,2.97,3.04,3.11
09/14/18,2.02,2.16,2.33,2.56,2.78,2.85,2.9,2.96,2.99,3.07,3.13
09/17/18,2.02,2.16,2.35,2.57,2.78,2.85,2.89,2.96,2.99,3.07,3.13
09/18/18,2.05,2.17,2.36,2.58,2.81,2.88,2.94,3.01,3.05,3.14,3.2
09/19/18,2.03,2.16,2.36,2.58,2.81,2.89,2.96,3.04,3.08,3.16,3.23
09/20/18,2.03,2.17,2.37,2.58,2.81,2.89,2.96,3.03,3.07,3.15,3.21
09/21/18,2.05,2.18,2.38,2.58,2.81,2.89,2.95,3.03,3.07,3.14,3.2
09/24/18,2.07,2.22,2.38,2.6,2.83,2.89,2.96,3.04,3.08,3.15,3.21
09/25/18,2.12,2.21,2.38,2.59,2.83,2.91,2.99,3.06,3.1,3.17,3.23
09/26/18,2.11,2.2,2.37,2.58,2.83,2.89,2.96,3.02,3.06,3.14,3.19
09/27/18,2.1,2.18,2.37,2.58,2.83,2.89,2.96,3.02,3.06,3.13,3.19
09/28/18,2.12,2.19,2.36,2.59,2.81,2.88,2.94,3.01,3.05,3.13,3.19
10/01/18,2.13,2.23,2.4,2.6,2.82,2.9,2.96,3.04,3.09,3.18,3.24
